CATEGORY,CONTENT,TOPIC
Small Business,"Lending through Funding Circle unlocked 75,000 jobs in the US and Europe in","Lending through Funding Circle unlocked 75,000"
Small Business,"Meet David, our head of investor engineering!",Inside the Circle — meet David!
Small Business,Here are five things to keep in mind when delivering negative feedback to an,Difficult conversations: How to give negative
Company News,Here are four steps to take when breaking bad news to your employees:,Difficult conversations: Delivering bad news
Small Business,Here are five things to remember when saying no to an employee.,Difficult conversations: How to say no
Small Business,Here are four signs that your business needs you to take a break (and fast!).,4 signs your business needs you to take a vacation
Small Business,"Meet Blair, our credit bureau reporting manager!",Inside the Circle — meet Blair!
Small Business,Here’s a round-up of four business owners who’ve transformed their,4 incredible dad business owners
Small Business,Follow these four tips to prepare your business for potential disaster. ,How to prepare your business for disaster
Company News,Here are 6 of the best YouTube channels for entrepreneurs.,6 educational YouTube channels for entrepreneurs
